﻿[
  {
    "Id": 1,
    "Product": {
      "Id": 1,
      "Title": "کفش ورزشی زنانه",
      "SellNumber": 124,
      "ViewNumber": 543
    },
    "Number": 2,
    "OrderDate": "2020/03/6",
    "TotalPrice": 3000000,
    "User": {
      "FullName": "امیر حسین عسکری"
    },
    "Status": 1,
    "Description": "توضیحاتی درباره این سفارش که توسط مشتری داده شده است"
  },
  {
    "Id": 2,
    "Product": {
      "Id": 1,
      "Title": "کفش ورزشی زنانه",
      "SellNumber": 124,
      "ViewNumber": 543
    },
    "Number": 1,
    "OrderDate": "2020/02/16",
    "TotalPrice": 200000,
    "User": {
      "FullName": "امیر حسین عسکری"
    },
    "Status": 2,
    "Description": "توضیحاتی درباره این سفارش که توسط مشتری داده شده است"
  },
  {
    "Id": 3,
    "Product": {
      "Id": 1,
      "Title": "کفش ورزشی زنانه",
      "SellNumber": 124,
      "ViewNumber": 543
    },
    "Number": 2,
    "OrderDate": "2020/01/24",
    "TotalPrice": 300000,
    "User": {
      "FullName": "امیر حسین عسکری"
    },
    "Status": 3,
    "Description": "توضیحاتی درباره این سفارش که توسط مشتری داده شده است"
  },
  {
    "Id": 4,
    "Product": {
      "Id": 1,
      "Title": "کفش ورزشی زنانه",
      "SellNumber": 124,
      "ViewNumber": 543
    },
    "Number": 2,
    "OrderDate": "2020/01/24",
    "TotalPrice": 300000,
    "User": {
      "FullName": "امیر حسین عسکری"
    },
    "Status": 3,
    "Description": "توضیحاتی درباره این سفارش که توسط مشتری داده شده است"
  },
  {
    "Id": 5,
    "Product": {
      "Id": 1,
      "Title": "کفش ورزشی زنانه",
      "SellNumber": 124,
      "ViewNumber": 543
    },
    "Number": 2,
    "OrderDate": "2020/01/24",
    "TotalPrice": 300000,
    "User": {
      "FullName": "امیر حسین عسکری"
    },
    "Status": 3,
    "Description": "توضیحاتی درباره این سفارش که توسط مشتری داده شده است"
  },
  {
    "Id": 6,
    "Product": {
      "Id": 1,
      "Title": "کفش ورزشی زنانه",
      "SellNumber": 124,
      "ViewNumber": 543
    },
    "Number": 2,
    "OrderDate": "2020/01/24",
    "TotalPrice": 300000,
    "User": {
      "FullName": "امیر حسین عسکری"
    },
    "Status": 3,
    "Description": "توضیحاتی درباره این سفارش که توسط مشتری داده شده است"
  },
  {
    "Id": 7,
    "Product": {
      "Id": 1,
      "Title": "کفش ورزشی زنانه",
      "SellNumber": 124,
      "ViewNumber": 543
    },
    "Number": 2,
    "OrderDate": "2020/01/24",
    "TotalPrice": 300000,
    "User": {
      "FullName": "امیر حسین عسکری"
    },
    "Status": 3,
    "Description": "توضیحاتی درباره این سفارش که توسط مشتری داده شده است"
  },
  {
    "Id": 8,
    "Product": {
      "Id": 1,
      "Title": "کفش ورزشی زنانه",
      "SellNumber": 124,
      "ViewNumber": 543
    },
    "Number": 2,
    "OrderDate": "2020/01/24",
    "TotalPrice": 300000,
    "User": {
      "FullName": "امیر حسین عسکری"
    },
    "Status": 3,
    "Description": "توضیحاتی درباره این سفارش که توسط مشتری داده شده است"
  },
  {
    "Id": 9,
    "Product": {
      "Id": 1,
      "Title": "کفش ورزشی زنانه",
      "SellNumber": 124,
      "ViewNumber": 543
    },
    "Number": 2,
    "OrderDate": "2020/01/24",
    "TotalPrice": 300000,
    "User": {
      "FullName":  "امیر حسین عسکری"
    },
    "Status": 3,
    "Description": "توضیحاتی درباره این سفارش که توسط مشتری داده شده است"
  },
  {
    "Id": 10,
    "Product": {
      "Id": 1,
      "Title": "کفش ورزشی زنانه",
      "SellNumber": 124,
      "ViewNumber": 543
    },
    "Number": 2,
    "OrderDate": "2020/01/24",
    "TotalPrice": 300000,
    "User": {
      "FullName": "امیر حسین عسکری"
    },
    "Status": 3,
    "Description": "توضیحاتی درباره این سفارش که توسط مشتری داده شده است"
  }

]